fixture,underdog_team,parity_gap,Dominance_Gap,Audit_Real_Prob,Verdict
Millonarios vs O'Higgins,O'Higgins,7,1.8,77.1%,Standard
Grêmio vs Montevideo City Torque,Montevideo City Torque,3,10.6,60.97%,Standard
Lanús vs Mirassol,Mirassol,14,-26.1,58.09%,Standard
LDU Quito vs Always Ready,Always Ready,-1,22.2,54.18%,Standard
Aucas vs Manta,Manta,-9,16.9,48.47%,Standard
Corinthians W vs Mixto W,Mixto W,-7,59.5,39.64%,Standard
São Paulo vs Boston River,Boston River,10,41.8,46.32%,Standard
Nigeria vs Zimbabwe,Zimbabwe,-5,46.7,45.84%,Standard
Morocco vs Burundi,Burundi,7,50.2,25.64%,Standard
